vol_id,funder_id,funder_name,award,award_id
1,100000001,National Science Foundation (NSF),BCS-1238599,1238599
2,100000001,National Science Foundation (NSF),BCS-1147440,1147440
8,100000001,National Science Foundation (NSF),0721383,0721383
11,100000001,National Science Foundation (NSF),BCS-1349044,1349044
15,100000001,National Science Foundation (NSF),INT-0808767,0808767
15,100000001,National Science Foundation (NSF),1052736,1052736
23,100000001,National Science Foundation (NSF),BCS-1147440,1147440
30,100000001,National Science Foundation (NSF),BCS-1247590,1247590
31,100000001,National Science Foundation (NSF),BCS-00-92452,0092452
32,100000001,National Science Foundation (NSF),BCS-00-92452,0092452
45,100000001,National Science Foundation (NSF),BCS-1147543,1147543
49,100000001,National Science Foundation (NSF),BCS-1147440,1147440
68,100000001,National Science Foundation (NSF),BCS-1147440,1147440
73,100000001,National Science Foundation (NSF),BCS-1147440,1147440
75,100000001,National Science Foundation (NSF),BCS-1147440,1147440
77,100000001,National Science Foundation (NSF),IIS-1248076,1248076
79,100000001,National Science Foundation (NSF),BCS-1331073,1331073
81,100000001,National Science Foundation (NSF),BCS-1147440,1147440
109,100000001,National Science Foundation (NSF),1220305,1220305
116,100000001,National Science Foundation (NSF),BCS-1147440,1147440
